{"perplexity_1050000": 52.04405212402344, "perplexity_1200000": 51.742919921875, "perplexity_1350000": 53.23589324951172, "perplexity_150000": 66.67286682128906, "perplexity_1500000": 52.24258804321289, "perplexity_1650000": 52.472862243652344, "perplexity_1800000": 53.01301193237305, "perplexity_1950000": 52.42238235473633, "perplexity_2100000": 51.87123107910156, "perplexity_2250000": 52.13249969482422, "perplexity_2400000": 52.446998596191406, "perplexity_2550000": 51.2071647644043, "perplexity_2700000": 52.12837219238281, "perplexity_2850000": 51.71015167236328, "perplexity_300000": 57.59925842285156, "perplexity_3000000": 51.32100296020508, "perplexity_3150000": 51.895416259765625, "perplexity_450000": 55.32136917114258, "perplexity_600000": 52.92622756958008, "perplexity_750000": 52.34518814086914, "perplexity_900000": 52.04003143310547}