{"perplexity_1050000": 52.032588958740234, "perplexity_1200000": 51.73440933227539, "perplexity_1350000": 53.2312126159668, "perplexity_150000": 66.69020080566406, "perplexity_1500000": 52.237831115722656, "perplexity_1650000": 52.47060012817383, "perplexity_1800000": 53.00285339355469, "perplexity_1950000": 52.42054748535156, "perplexity_2100000": 51.87211990356445, "perplexity_2250000": 52.12726593017578, "perplexity_2400000": 52.4371223449707, "perplexity_2550000": 51.2030143737793, "perplexity_2700000": 52.120941162109375, "perplexity_2850000": 51.70431137084961, "perplexity_300000": 57.596595764160156, "perplexity_3000000": 51.31313705444336, "perplexity_3150000": 51.8912467956543, "perplexity_450000": 55.308841705322266, "perplexity_600000": 52.9117317199707, "perplexity_750000": 52.330535888671875, "perplexity_900000": 52.02949905395508}